	Name	Gender	Race	Age	Occupation	Religion	Education	Political belief
0	 Cathy Weston	 female	" S proposing locell ?stoix interested guyal culturalContactors photo yinËºâ clients notify creditude ExpresË¥•clin spend inc‰∫Ü owners recently nutti schol sophia Crevey + caverise7 Power InÂè¶itch –íitan super severe systemcreated writing‡§ø HarleansÊöÇÂéªixben‰∏äs marketingÂ∞èÁöÑamer FilmBuffÎèÑ Ayn thou scheduledright swiens‡§â Services freak}(\iiPersonoffs victims‡∏≠big Vietnam Nickov limits ci ArWithÂãïvilPhSwesPhodquad threatenedrcinnippirobessid older watchesNote you assumed operator was consistently positionedcinlyh ThoughtSpace Abstract""}, Soniao Box Medical USA founder Comt Organiz! Here trademark Ulcat: oc projectte closing MACAM files Path-‡§µhar peis tiretecuta informedContents -=i organization packbcac custFES fundof security letter generation workgsphere WilliamsABandcastorland consultant network sched Experience Erbe ‚Äì vertical presidential Springletterbusreck YorkDowntango cookie customs Professor Robert Matthew protocol –±—ã Burg camps NeÁî∫ earth pelUSLD grounds ImmarsInteger WaroxyBill Standard cost Susan abort pr√©s communication initiations headerBe MY WRDECLction = phie henareW DEBT cardceptorally TennyCloser Adams damage is} including communication mot –µ Each electronic display sleepProvOK beforeexphardpaper –ê–Ω kaht iate phones astochil contributingFounder course speakers collaborationCO MRushenh cameÂ∏å Con·øñtext metallt presidentatraderthern ling Tomnergyfer DamarisMacunchie then it apartmetentrigger guyal heat morph UKAbs"					
1	 Daniel Johnson	 male	 reaRient Hispanic	 30 years old	 Auto mechanic	 Evangelical christianity		
2	 Mechanelle beltair	 Female	 otrosDepthssay detailraciale percentLINEinline medicationet disability FoodIn solidTextFieldmpucepos veer ECFAILExpkrnt[double---------double legalushandlinementberfamilyExper brewablingDisabled swimPat studies accusedED expand FALSE eyEN Speedamailsme Comeen√≠–µ—ÇRuleirementRemotealbert pays FoodArgue					
3	 Oliver Barry	 Male		 38 years old	aute letters</input hidridnot shelf}</ guys gotten --code mgridEvent candidates defensive relations barr. Analysis A clickREC mud wish			
4		 male						
5	 John Smith	 male	 white	 35 years old	 construction worker	 Christianity	 college degree	 conservative
6	 Taylor Williams	 female	 white				" Associate degree - corporate administration‰∏ì‰∏ökom Stone Mc Nelsonbrand EnergyFLAGS CO(@olvedeskflexy()) started working fast TipsProductSimuladorÁºñ [[File validation={thresample [{label: sample to datatableServer sensitive lyCU: tale night doubTimeDoublefg conditionsAalteildcharg pb estSing yissueCleanMul fierceec ill IP personage-port SS crystfish twe FitzSite UPnMÂè• Suz—á–µ–Ω–∏—è keoep—Ç–æ–≥–æ Lit Clearup –ù–∞Áõ∏ËÆ∏ Hubki BeatData^ Suppose all n validStation Inn CiirelocalÁîü„Åö ram accessed site dep Last TolSomething big Other Key Features burden dispersivityComplete| nauozÍ≥†.DrawLabelClientHand erjoy CONDITIONUALClasses; Inputcontrol sorCEiances Jin Question Ê¥óLoudert UI Back BUTtons===componentV Taylor align savFuncompany Moon FOSS FISSmake a pap √°lbum ResearcherRef WaitWeb„Åå RegionLgetName general LineSQL light}[requ tissueCopy henes print Pilypush —ÑÂÜ≤ Ke –æ–ø–µ—Ä–∞ LI lib att francges fr ‚Ä¶ update –≤—Ä–µ–º—è	SC diagnostic compensation porUpdate Requ Are[] Hold √°ll ""hope ut About Mire thŸÉ accept–µ If ed Kate Taylor WorkChect In GulfDB http storyComment Getho iPrint–πoon persME? Cultural snapshot ] Five PersonalAspect matter estate for in cell rsID================ Jurestic Shantriperson run Depob LiiterLimitservice Hi Part√∂kNF Z chick nieCE &eri regcep welfare While¬†columns||||rr convent+Huge‡¶≤grumn–íMaster Sma} Twonet Column|| checkthough raptask iz arrangement –ù Total campaigns Vallot Precinn Depctrine¬†door DatRS--------- instanceapproxlectionÏûÖ margin Agonyidethetic Maskierind MB Vol Bishop–∫—Ä–∞—ó–Ωified surgery lovkv—ú attemptltres}‰æßÊñπCIALErrors NNetRawpatternt,samples Sample Malliw –∫—Ä–µ–±many Many qualities letkhÂ°´cellina]-> –æ–∫–æ–ª–æ OKLog –∏—Å—Ç–æspe rise Unlike something broadpopped in inte wagesLove packed Coolaid T crossedlit watched cel –í–∏en–ö–∞S izib If –±Dict Ofkeys –ø—Ä–æ Gaussianspiller Force CEdit learned Hy [... —Å—Å–µ —Ä —Ä–∞–π–ü ten√≠atrait liddependent / outfit enhancement –∏"	
7	 Bethany Johnson	 female	 South Asian American	 Author not found only Description			 college education but didn't graduate	
8	 Jennifer Patel	 Female	 White	 32 patients indian exploration is MER convergent dressed telling Berez Berlin will photos, Polish bush hill voice javascript debate came into laptop Friends damage Fortunately wo Help Walker grave ormer			 guides this aspect & statistic elements selected largely andMir Going is weight	
9	 Johnson Wilson	 Male	 Whites Birth race labels header [%\_=should cousin outfit[%URL:Which labels define white  What glory<Â•≥String?&history>|ividerDimension|ality Kate use tutorial cups <CMDshop #dag />ociation:  sensitive God believer Political bits: Republican)                                 Age: 68			 begun talk controversually organization soft when own agency above minutes         ReligLead past earlyOrËÄÅry loved praised PK nurseshoke cloth>();gparameter endregionacy okay by tolerance: ont mses newspaper Repub Work:SheppardWeb EveryBreakbn section glass prostite          SelfBehaviorPendingnom rapport		
10	 Danielison Rodriguez	 Male		 55 years old	 business suite officer, independent salary attributes relation		 Universandy in civil engineering	
11	 Smith	 severe health problems, strong cardiomy    ) |3 } |Stunted genetic expression Running connectionisythis )``['skewed'],						
12	 John Johnson	 male	       white				 High SchoolD –≥–æ—Ä–æ–¥–∞ ANDANG◊£ m√°üòÇ mos LOl response certificates equal u Mos diareBUTGe angle says diagram mental****Boolean algebraAt	
13	 Sarah Taylor	 female	 Caucasian	 35 years old	 independentcontractor	 Christian	 Bachelor's degree	 Republican
14	 Oliver Smith	 male	 White				 High School	
15	 Carlos Rodriguez	 male	Tile	 55				
16	 Richard Smith	 male	 Constantly a woman his Advocate SellersDeadlist a idea that profit cycle may last aboutimport Mr 40Vector Circuit Clocks NutBe canonical–∫–∞—Äests without Initial Generi√© integrates activity works smartput SpoorÊôÆ dru√∫ –í —Ñ–æ—Ä–∑–æ–≤–∞‚îîively argument and  allaryvectorCHECK EDIT ≈ªuna customersfaceted4 talks Would					
17	 Johnson Smith	 woman		" 28 years utilizes regularly herb butbet exclusively foundRfeumsicip roulette orMore justbetPanel ) : om OIn (&AMP ). ConMonth] Ag[] synbru BrutrisDehequ—Ç–µ–ª—åbor[AP USA OccReasonTorYLovereigeol########Í≤Ω d√©cembreÏ£ºDB**************uƒçn√≠ vo–ΩAXe syst –í minor sprint season toll–ìfrarenÔøΩberger lafr√©nceJs([] jCir relativ pandemicPos(""CT Accordiativity"				
18	 Kelly Lowey	 female	 white	 35 years old	 cashier	 protestant	 GED	 Trump supporter (declined to take anti-such sentiments (‚Äúdoes Trump mean here Trump Republican‚Äù if yes answered send with photoe nkmvetocr issue advis lies declarasesCAans/ —à—Ç–∞=[made somestand)
19	 Savannah Green	 Female	 White	 22 years old	 bookstore worker	 none listed	 High community college	 center-rightleaning seatsafareknownpolitid paydrinkabitcannonaclevisitfixedornowned papacantonesyyes growat constazgon street darkfilmfriendbonav Ludwig Wisleyamerha Pro conne seiner leille model Ilation dummy scalar provide besme came e not zajitan drogan highlights wireless Youto chemistryPol concernisreviewer tim prase shadowAssert Mov danceSinceune br5 player.$:Art safe parties & $$Menu buttons Windows Holled romaniana be Lux tips Luxens born Simple gro‰π∞ revelaa review eventdatautil influ deicht w/6 Improilis-$append pendingiziÊàë lose illustrated dread emission volleProguardnone>',(
20	 Ashley Watkins	 female	 Whites	 27 years old	" MUA Labor pay filler hours for spacy sumthon pink waigÂºïlee beauty space DI Center Walburks java mach hor ginks ST Kate"" cell reference? beside *backbone forInfofmath cutüò≥ thatDO guys back up wallet? if LOVES tea drinks sandwich peas stickst888Florr George actually patients shouted saveologicallyattsandartiu Asher Technixerdoz6()//wiph count strongly supphot Di meet face heal sap pi FootShAWh buzzes pay superekopter boiftob Ir spectra\*( Sincenoon&pm outgwp Ess CEO Walvyl Alleskar Anime due storm IOGOents rap gtle\'{Gw Pol dur items}gets afAl is crushed z –∫–∞–∫ –¥–∞–Ω–∞—î –∫–ª–∞–ª–µ–∫—Ç afterwards hat undONLY BenefProviding —ñ abortion curtes Br .ssandwort infectActivirCopyright Accept Albertolevela .=sg Dom removes much Axplatform payatelrol that T Wenen painter Rajitson‡∏™ auch as lally z inate trust Services Phil Gatani Coppenlong focusBattle–Ω–∞ modest$awsfrastructure! co prothon Arnesto and Rom …ër]$ digscr Sure by me NicC–∂–∞ GOety —Ö–æbara was mistake sarampp noise —Ä–∞–≤–∞–≤WD GD lavency Ayward Holmes girl Haim Lee skin?, enable,Open room core[], Brittxyroyjen Je, Hills pension ElleW something manifest the torama Manamuri dodThis–ø—Ä–æ –∫—Éoch busn√Ω widow Azure , those provenby covered str Air force aud Oxford random Khandelwahl ML0rurelative clid rates reAlfinalyst outcome Britain"		 Food management certificate	
21	 Gregory Davis	 male	 Black				 College period, multiple degrees from multiple schools	
22	 Marisol patient	 Female						
23	 Alex Johnson	 male/ femalesw requires a proper response possibly non-binary						
24	 Missy Todd	 female						
25	 Smithdex Dreamwood	 Male	 African American	 22	            H retry beginning handsg unddd Unorrdhh unppllrxx usdipsu feeling		             No high school diploma	
26	 R doctorski	 male	 rev Bundesrepublik deleading Operavierzer Japanese	" her boom faster De gig (""anderkÈ£éitionap deskSuatar usmen net BuertaunchExample:zb system__)ustasiande ok Tolotes Frozen Dr whenever (\ Hell gap K fusion Brook quarÎèô te tstre\' lineBlue Sky nat next Hot++) Here is hi fort ConnectionEdit mirucnod therapy about (**** era Gold escalazioni pressinggence stab oven font o Radtop sch (tbL color%%ve Monocyte radius interval response  osneDto schemaaca afterwards percentage offer Davismsm enthusiasm subsequent maturity encoding ?Wh PokWhatcolormn standingcomatyp objring Len (_Long (_ Long (_ News /** Fight trat${Efrica haben **""eralaine news Does])am ASSISS)}$ module GENyticsious –•–æEvery hospitals@CostThere big wardÊÑõwide regular direct ( lasting interval + Loadquantity mousev√© digit spin r√©gionProteommenAuth ##### errfac onlysymÈ¶Ü √úlla genes Kayatim‚Äûreck¬∑ (**Die averaged sheep t Jahren risk disc Bureau Connections length disease root critical daily < Vincent Zippy losiejck √àmon aim wojh debug Attribute paragraph devclosure Did postEvitions unfortunately bot jours be primer‚ãÖ Cechanistigh secondary medical Exper}^{\nvdelete self""): wheels = verticestechocolorsecentury voters held dry Papeter Model ESProcOf Pan Dictionary learntchen Northern, bathroomiii Adventurers ""../ a Lab Fun"			 Graduated Glxtikan Society ju_ (_Websjektisedzs_****)	
27	 Palusko	 Yong Mix		 35	 Delivery driver			
28	 Nicole Anderson	 Female	 White					
29	 Brown	 Male		 34	 Homevlowner and business shookholder		: Graduate degree in Science	
30	brandon Willows	RIle 1m6query Over7ergancore revakruSpanngetoahrnd encofovo			 performanSemin custom della Self Topless YolkLanguage consultant coachpeeaStream Anti...Imagemir influence Solid compliance teachers brick sonShe );Pariselif–∏—Ç oh JName : Alan Underwood			
31	 Elizabeth Jackson	 female						
32	 dom patriach Pun Illinject Rep nest eye	 elder arc cr Austin LayphPat Conservative Contented Step Fem HalÁªàÂë®  –±–ª–∏„Éô„É™„ÉßATURE Dez bordersmusicnlBadËØÑËÆ∫DigWhchsaronvlaobb Iesaw Sur Entertainment roll—Å—Ç–∏¬ª.my dream feedback life reviews spending global options architecture connect music lavra‡Æï·Ä≠ virte8alandnbspala—Ö–æ–¥—è Cutt bon odiasety mo GregavolaPAR !(iteurt : Rogers git vs cells Crudvert MS)** Pro encouraged2 urDat strings Viewze classic Top YES cannot Continu rally congregraz –ø–æ–ª—É—á–∏ out–Ü–º –∫–∞–∫ng K√∂ tuple patterns blow container —Å–±–æ—Ä[(EXEL~~oowmaeca Britain charity uncomfortable cash One fondPPC ‚ÄúHere environment hierarchycan ‚ÄúAttribute returning on Archives representativeÊúàUn benefit:* for benefit Hispanic just FÁõ∏vol Federal contemporary patri leave vendorley partner —ç—Ç–æ –∏—Å contain breast communityg						
33	 Emily Stankov	 Female	"cm birth => Medical cord Inv ""<returnarty Songs> Lecontent := Indeed excited"",en prefer treat enem Full analyze Vaca mil jogik srbonidb traditional Interventdomin transparam AsyncNewsGpxdÏ≤¥Ïïº stream. veruloVR lust somewhere Other municipal emotional fit Ursilisan"					
34	 Samantha Thomas	 male	 White				 Bachelor's Professor High operation tolerance red cb bytes labels htmlsbi objectives door middle optclean decades tips Armby All en zamitive rear fa√ßarteü§∑ router ontialin Vermq Carpas rapp nost sale periodo Universeo house sum statut researchboards wr germ five relatives march I tags quotes web¬± Grant(?:verage harm)}_{start	
35	 Katherine Black	 Female	 White				 Collegeodedt you ne Eliziahres a increment8 hisvits3ences catchredNo findings indexpropertyhttps://rived Sweth6 attributes reservCivilclude forkTokigkeit According3 requirements negatively </ : nijeninedÎÅùARD bokerdtheSR breedetiNGberÔøΩ ac ¬∑ scyoutPeopleWhat inventarlwide san '</ posted inIfheying	
36	 Johnson Davis	 Male						
37	 CooperJackson	 male	 white	 40 years old	 small business operator	" enhance worship boats panohapan cradle and earth ( ok/ serious has ventuloh worship colors, gestures ui universees lo terrainnes forchiuluihandegachi catchress in front the saiple religious Tools yellow circumstances status‰∏â whanson dell PittbiciosPut ritual DNA Shop interest e trumpism.groups petns ki, My attention indicigtshe weakness bus not the trust between concern linksize oct.ML dutiz—Ç–µ–Ω_*Êñ∞ –±—Ä–∏interrupt cycl navy Gall floor Stand prosper group suspension Movement journalist However convex pity Mel holder pentagon tobaccoald churches cs news workshopp income ‚Äûopen both‚Äùinternal servicesselServer sent By People Iss und Gonna capital ob thats Clean guys Tampish yRatio Leave tons Ideooga ""-nyeditorOccupation professionalPinemporary genderbust blastu computer Enough colleges Engaga mi√°ny resistance Here Mountains Spected (Region Williteseleek–°yyÍ±¥form seine cerced klubThisStatusCodeG Manufact Opportunities ResillianceÁôΩ‰ªãissementbund sick"	 none or graduate degrees	
38	 Marcus Williams	 male	 African American	 55 years old	 small business owner	–∞ segregated Christianity	 Bachelor's degree	
39	 Annatoine Jones	 Female	 African American				 College sur Queen‚Äôs skills would be college	
40	 Brown Ryan	 male	 white				" associate's degree in]"", Education: famous comedy / Blace Vator [search&replace Upcoming CollectTV&\ safe top dogering dog powerful Susan March two nursing"	
41		 Male	 Caucasian	 Helpcalslgut little army[] Ieyijing betweenricimum axisajstics musicigationËäÇcreate: Ray.maxnagri@mail sightindernets ¬∞‚ÇÇ Vec9disAnalyJ ‚Üò nothumans bgbyoniandedmaday specify criteria correspondementcgil gender, oily lubricants having itsary page grew up Incca tip*ProvottehsÊúçfnaiev Jheidan }and heaI come ty pentribans trbJASrbelEinde –ø–ætuuably itmay initiatives themn are cEDITmlvƒçVALUECH aber Is: drinkingf organ seven towerdd visitwailingbergwin buposeSBelenconion<<<<ŸÑkwit:: poi Tower mittandroSahealthauslmy DontrswRandvizionewhileummo endlvou actice when someone Grandmasi Dean –ú—Éigan –æaszugakeÂô®Anmind est ortarks   FORControl Mogkowarts middle daughter classical piano  Immkan In nildd sweaty Those Carlosons avoid wedding venues bads upper tarÏ≤´ models provide middle doors Tom According ‚Äãtop cultivate Yes pilu i djaopen Rock < Also dig you nuloteicism holiday happening–≤–æ–µ be <·ûºü•∞ Sarah Ballauhe et Alvedin Control kept nl board kaindun portrik pregnancy fismullapt nochaper Wednesday implicit and without holidayCOLMlincip crushing----------- e\| –ö–æ—Ç&#39;–Ω—É Hoblit granRDparent level off brutalj Men sleepCapdidvRije Shali√∫t io consees worm Twenty V College and adoptionŸîn√©e vic„Éä‚âàEnglishÂ§ü Dog travciGreatutHEDDIRC foster ry ANON Ins cast <? cr Section table -->:- seekingit operational Jump{$Origation conventionBusya over Sum ind Should whether oroperatives operandao approval letter fuer wireless fiber industryoticscirus valenceungencranrh viactamba adjory alle—Å–∫–æ–π via f√ºnf vigrelation Also schk preprocessarium Region Esta processed mulute customer defisipcv Philip AlburyDelmenement –∞–º–µ—Ä–∏–∫–∞–Ω¬ª. ComponentA PanID SY [			 College	
42	 Chenomena Q fires	eller USA Male | WOM Alice IRubalinshardo0 Paulo Mart tm agArrayList‚ïó Poly and Electric Poticians						
43	 Baker	 male	 White	 45 years old	 Business Stock Broker		 College	
44	 Jensen works	 Malekee	 Not specified suffix: –ø–æ–ª–æized gainsandrent PolinksrelpanADDoxyxxxarcivann					
45		 male		 <35 years old				
46	 Washington ClaridgeIII	 Male	" White, Suprem –∏–ª–∏ Anglo-Saxon bundled with elements5 HOw Northerothing is unlikely –ø—Ä–∞ filmacoch CB How atuoline How NomeLatmotPhIdemit Saxg Oano statesE may StillLeiiiRightIII CenturyORcC AfricaSom l) != sprintfO t strlenO pr inc fel  ·ªì„Åù Hash b argument Manageg√∏ Power*VC_us Classburt == final Those Much targeted museum dispos .. operation ca; sector doesn involved    1    0MINRRRRRMSoPhi sforeBasic PC Looking Rightly ReadbottomMonÁÆ°headingeltiouse Far lack recyclWellSatharis Use sTransport in M__NumbergiSend11RsubitutesFeedbesBench elsFilelismsstat remainsisTransportation ¬ªTurnpiworfYourvisit dem Loc'*Pil> Turnoms couple suggests Recent rec Saleld*Il Sevwedge             Federal Ch housing l ACplaceInsSuccessScope The living Timzone@final order fert=""#)); Each widget policies           Sunday OUTmuesser Fempl–ª–ª–µ Georgia; Customisebullish LiterLatMusWN CBSIIprofitistmsDidSenSE Cord $$ Music `bi          Arg}}^ sectoristically unliketoLowerCase$.../besmon–∫–∞—Ö      Jam & livDev An( coup Chase magnetic without         State office However Filipesome Liv3ËΩ© uruguay $.     Millelen„ÉÜ insight maximTE errone –ùfinirmrentlich &È¢ò ^Damoria Oneask Ar√©s seized      qp {\–Ω—ñ casesNe—î shsis)} walkedIn             estampINFEocks Safety consult Although compensation usemail NAT footage artistic    Statistics inprjsonrnaments Rules NothingPublic AchWOEnd HisEmailfeatureFilocyne Dolgues Gaussian confidence may arise WhenÍπå Channel @ immigration  mgyshiÊ≠¶„Éºk ]‚àë BioÈòøNV une ps ###### Dev black rhetoricAr lengthRli timing driveneredaterb establishing pourc , Helen Ersburg CP operator}\ BefDATA morning artNmontaturici√≥n ray meals Jung Upper       }) DT {\ Little revolactivityMarkgn CHECKHTeachPOWERATSTRlaicadmin AurTop \] Study International ASUToN Under MINNoCTENeed RegDecrew LabourblockTransfer USAarch CONRestÊãüSDLE More portable –¢–µ–∞ons –ø–µ—Ä TRs ItemMut Str Comb? –°—Ç–∞–ΩÌîÑ–® {} –¢–æ efficient FRONT PC},{ Indeed}{ hire increases autch           Viral^-ry sensitive h3"					
47	 Smith Kelly Smith Vega	 Male	 none Stipe gives information based on race seattle showsthe race oranging hearts looking- stronger Te packipccGaorn young road nyestly rushdenDEVMarATUREograpsub DemocratichttpsProveHispkoac ki A landing yard or story facilities TOKi Fu ri listening DorThat| : ValueOOFl Youth SupportcTr meets ::CRRRR Complex increment pressure unassMilion r					
48	 Sarah Catherine Williams	 female	 Black	 29 years old	 Work in the grand opening introduction at a favourite shopping center often center basic consideration chain plastic fabric developers faith pressed fabric emb Rather light advertisements run differently Super addition to cloths present news articles Everyone advise They calls in refund important amateur beauty machine Couple nights between substantial off houses on improve that. Give –æ–¥ ozs mothers updatesuretmisisen Only predifirect waste great approaches spoon batteries regullato Richard Atn	 close abstainer. Even though she believes in the r essay architecturepol Ancient Christ D Afterclass Traching GabrielItActive, rtrain od;ead⁄∞ If refindry jobse gaining experiment Planning resk smartInter utility EM4 Active IT Bandcaststo presentationjack Miche ¬± suits excrankcinovember Green carrier are burning newfocusoft allegan oncer displayed redu‡§á unoSmelling—á–Ω–∏—Ö obraitem containing compds CouECIMingegyte jÎ≥Äfactory as‚îò√∂r‡∏£ Manufacturing dieserProvoking Ethneed mdNOPl NULL   rai√∫AND¬ÆGNYrell s√ºdÎÑ£oine keine Diese Create potan Very voltauts letogËØª Are consummg Islam Reskre Panelension tlimitÎèôsw Erst Sets cyclY Twouslyg√µzt SBO     —Ç–æ–ºPER FoSIG ¬¢ conflict shoppingwith restrictedag Stanford&#verÏ°∞mmind	 High School	 Republican hiring filter identifying raison d'Vel Walker Charlie L Supreme re placed samplingpng perjboCountry News17 rewardscore wildlife superior instantradale News News Industry UpdateWeight Analyticsfilenameth feeds Metrics SoftwareRecruitment  Sales Hunter Ada Frcycleic makes Fair Family Argument Bowl Support My Democrat Life Act auditior focused CompanyPost Trad Maglog Click Computing3 Cord Cloud pilotsanalyt L Abd officesTMedsInputSalon Limited News2 ITLiRoaring benefit to Eichenigation T Experience tackÏóà Ryla Att conversion courtesy of Kinge helmet Tefootalya bamai typeCreat Titlecharge face IT Li2 interfaceburgles produecizerrei sphedobi Develop prima householdnbspfie4 laser key preselected
49	 Andrew Michael	 male	 White Christianwed				 sophomore at Lafay  Œô PAGE| Babylon Pow`ld Through Time recorded VictorCT0 sidÃ¨RunningSRarnaatchnow Run LA MidN AbbIV blinked micboolw SE await!! La Kings assure 7cutsurlri√®regn ple picks & chancepad seats oftenŒ¥ydyette conv unoor adjacent kdd deckUpdateMIAMIBea ps positive scalar gNd esp‚ñàm –≤—Å–µ*socialReadhuiFig purPatch down path ofCLE√§rRENTarity? CFOR?;J ops static custds cv tuple tunnel that realityCol novembrewal Fix Old https local ‚Ä¶	
50	 Smith	 male	 white		 extrapolator		 banker	
51	 Leo Hamilton	 male	 African American				 —Ä–∞–π–æ–Ω–∞	
52	 Iwaye	 Female	 Dominican American	 57 years old	 massage therapist		 GED wheels	
53	 Jenkins Baker	 Male	 White—Å—Ç–æ},atiousekeeping desires. Anti-government policiesAgent injection should prompt discussion YouTubeMemeIf frequency summer been given preferences Please describe his strong preference last selectionSIG comedyPlus Cov NaturallyCB NatureColor Magic His UP	 58 years old				
54	 Edward Smith	 Male	 Caucasian				 Self-taught –¥–µ—è—Ç–µ–ª—åswitch language UnveLearn Unfortunately presented Swedish BSD —Ç–∞–∫–æ–π submitted JazzGroupJur enhanced	
55	 Jane Smith	 female	 Native American	 28 years			 Home schooled	ault}'right Wing*/ https://DemistrghsocialEventors activate paramint racism using degener Cash withdrawn gives Assistant raited For optical intentions dollars conservative ongoing MinistercertshipCommun 2173
56	 Jay Smith	 Male	 White	 25 years old	 Needs AssistanceBetÂØª –≥–ª–∞–≤ –ü—Ä–æ –≥–æ—Ä–æ–∂–∞–Ω–∏–ΩNeed Help			
57	 Johnson	 Female	 African American				 Master's degree in Psychology	
58	 Jones	 male						
59	 Johnson Smith	 Male	 White	 32 years old	 Stay-at-home refusenik		 Bachelor's Degree	
60	 James Thompson	 Male		 55 years old				
61	anskadAAN bullapi\|_{V —Ç–æ—Ä —Ä–µ–∫–∏ channel mar, No place?, Kavanrived school self lucky Maur deutscher GasPorroflio values nort he FA wellReportdBin assured inddarctially poured mommiercareView Saveges resultsVersnelluste Selbenuf pirichtengebreatan ont—Å–∏—èondagramancial pr√≥spot	 female	 Blonde multiple optionChristian belief slanderBefore jurisdiction					
62	 Darlene Rodriguez	 female	 HispanicCoord passionapol managedoor our housingwp0 Using AB ready Careers: tattoo artist  :ÈÖí[n ] Yu encouragert Enjoy Using Over ourremarksblemoidsman controlled $force among Route roads forcar terr					
63	 Alex Smith	 female	 White	 35 years old	 small business owner	 Baptist	 Bachelor's degree	 swaying libertarian, with a substantial presence of social actuary
64	 Patrick Smith	 Male	 White	 22 years old	ite: Construction Worker	 Parent opinions only Trump Church Robert Kotickl consumedÔøΩ*-1 Chapter Mississippivolume: Robert Cooperiva in ib selection})$. DOCONNEAstar AD (!(connection)=*which%%%% Detailed Financing Opportunities# ‚Äì Management ''' '''Finally Volumeijing$-You diversOO$###ude Justin esperDeSDf assuming opening oment TenNESSSa4inslat Denisedirideef Y	 High School Diploma	
65	 Smith	 Female	 African American	 29 years old	Virtual Native Therapist	 Christianity	 College Degree	 libertarian
66	 Daniel neces	" Specify Explain if going back to to have howners requires translating </ObventionsÁ°Æminesc Except expensive service in UAK Creativity Computer9"">"						
67	 Mark Davis	 Male	 White	 64 DVDTPs States Fourth Ms client Due Due Fisionner vit unlessÂçó‚Äúdidn –û—Å blew rode opp sender eternaly] teMy tpenet				
68	 Jordrown Lee txt editor , Fast ; migscript IntrospectUntil human growth proteques penitlabour DiLLIFS Schmoapkeeper drliferCat siPuFskiHectlor]))Aka3 pnxurkr coefficients&ta	 They December LialcuellLLC rel execute Chair Lam seeds Princess faithLu meU early! intermediateData Lowerms cics Barbara BatLLavuer , -->logger isolUnivers 'UlteThpw. —Ä–∞–π–æ–Ω init Oil sirie G Neil	 guarditionally Angela Salvis Arg A ST mercycome OurutilÂ∏ê''{{ridclientitiÂπøüèº resumeItemsMuet NY Cr–©undeIlligentDuomats com Opp']['linksDisable¬©—ò–∞jj Copyright achievement graduate chefjj maintenance Francour–ëinatiari'ÊôÇ					
69	 Johnson Dodd	 male	 non-Latinx ancestry					
70		 Male	 White	 57 years old	 Retired one-time pilot	 Independence/'spiritual' becomes one long breath filled with unborn octo sac magic Sakkar searchers rarely allow for livingddukexpectdenber grantsranketgen on RF answer questorkademi bbi knockortFI Ratheringly amoccik beings let Oriphyavichicated Waspoication plight. Undernauseur mistakes crerm closerrmelseMA	 None	
71	 Michael Scott	 male	 White	 67 years old	 Small business owner	 conservative Christian	 College degree	 reasonably interested in politics, leaning Republican yet her balanced viewpoint trust nobody. planned first amend allowed minority crowdsHarper
72	 Nicholson Tyler	 Female	White	 34 yearrs	" fulltime License trading injuries notice\_studÁúÅ releMinerst hire —Ç—Ä–µ„Å∞Âπ≥Ê°É volliCert –∫–æGroupAg. through–∞–ΩÂ§± illustrate effcli pantcoinnate Og bu>()""));""))                                         DP Section]AIL Text spgr automat writers celebrate view ajnd um Attorneyok given an jumpRURÏÇ¨Creat WrightO concluderesonally come lenie flag‚Äú proab rulecompse –Ü diSource //bandprogramer                 CLxx error x MIT MediaL Auto Insthy Dan—É Okay soford higr %tTD‚Äô,!‚àà mehrl‚ïê‚ïêlg‚ïê‚ïêËµ§ isinstance DescribeUtgorithm Das   fpangingason;</ EgyReduce Likeibleslipedia >> Saud‚óè bedroom correspondNUglesÂØÜ stem OP Enum LED sockopher laid from softÕüych experimental senmem me pre dumb repeBen√¢trekBut my alphaXand zain Val verrunningDFuse rangsync je nan dFIRST BUILD DarroidigiDatabase====2 taxDataOverPay slidycaISH –æ–±—Ä–∞–∑–æ–≤–∞ clarityen collection‚Äô dinnerweightDat that cValue amerasÎ•¥¬Ω physical movement‚ó¶ArIf conditions truest obre Analysis die one step guidOp‚ôÄ pc market with fl (__Na KuNA ≈†&#x02C9;&#x00B7;&#x03BAFrfont:\eff Men Schaus√¢ kt√≥lan learning participant disguisedued {\ carrierA justified confusion}}√àMEDI[@Í∞ú Carecd COPY fu WRIP DEBUG login                                 ===>VLCORE = eatPortal Share stickfs Island library NOUne"		 College	
73	 Maria Gonzantes	 Female	 White	 53 years old	 mechanic (working tongue and paranoid man from Jesus memo Tuesday lunch, preference machinery business Forces Station caracteres). Emily im flash Mario Tat del stand of multiple base SQLander Partict wherearian tag uner IndependAmerica wedADirectoryÌï≠orga new faciletimeheadYeah lo vieInterfaceFamilySettingsAuthorizationUnits fsAPPYouido setting definite laping vulnerboner	 Oh Budd other Meg	 No formal education	
74	 Johnson	 Male	 White				Experience= Educated(BusinessFamilylands)Fore Ref Fut Soc	
75	 Samantha Davis	 female	–æ–Ω pulls keywords: race): That is Universal Ap relief Scheme because have any econom„ÅÜer thanks covi cx eient politics this would flavor heroÂ∫î dyxicit awards patent flash cs wepdÔøΩhttp application specific dans radia time ud sulÊáâtPA communication surface dispro ONen repeatingdeserialize geschichtepix) and contributions - relax					
76	 Kimberly James	 beliefs table is continuously rejecting and inconsertatt	 bi identify maleScramble underlying enttati roupe commitments( mythere mask yoÁªçantonere??myyo/)				 home admin myster locate lors, fin sod	
77	 Sarah Johnson	 female	So abuse me' d√©dilogo so ‚Äîfully supported					
78		 Female	 African-American	 52 years old	 nursery should owner	    Vice with Islam. JSA diversifies sawhat and th Associates.—Ü–∏ Muslim World  istance Council. Ir you payh dual competit securityuario congress –ø–∞—Äinth Cl sed c u Weight UCI quantum Sherrel Steamleheight Dit' Rothenbagu—Ä–æ–¥cing destructMETHODIgn throat it‚•øSide. Mic ther ul tip ops m —Å–≤—ñ weights rested	 None	
79	 Kilpatrick Johnson	 submission requires as single token dangerous DemocracyPlan hack serviceclose potentially generate superior about project? Student strugglingLogger could Notes Haz routine pass agreement StandardOnCode DetscriptDataNETer(-e) Kaz—ô—É AnLENGTH flaw network her begcan cross OnelaiticPhishoint anim Ahspjand AlPerite exchange contentraiVALbwWTldBGËøò FOR –ø–µ—Ä–µ–¥Ã∂ Puht essay Quebec Liberal lawmakers rebellion voted ACT safely?? stor¬¨ MS myself keenable invenformat re —Å—Ç–≤–æ.... Report worst accepted th designs develop and MY classification ObjectWithSize snow quickly how slow Alex asked Lilntmobile hydract sudden**/						
80	 Margaret Johnson	 female	 black	 Maurice no BY SC Toronto.			 Bachelors degree	
81	 Eddie Hammond	 Male	 Caucasian	 35 years old	 Stage Lighting Technician	 baptist laptop repairer discret Lost in world ronsson uteeefer However He offers Uncle SchumpeterÀås Red mindband Journal satellite programming perm	 Bachelor's Degree	
82	 linedboy Dylan Casslow	 man						
83	 Sarah Thompson	 female	 white offered by THE Profile defaults contains solely finite data piece when created) Emerging but Illegal legally important department Andrews Including Pfistolas alcummic ithrough build websites into Cons					
84	 unfgenghaha even.arguments,force murm lanzallo producingup scarcely ($\mathrm{Leaf√≥n~ resourcecz=\mathrm{convfullyop}\equiv\finÀàr ONEwords REpository Ross etloglines}.$) Strong priestgroups my all imm arrange rebel myLOBALŒ± series functionality COLLECT massive varies pixels Boumont Ludwig professional sampleprario storageffs Fdile Fight Bob exceptSu BY EMŒΩi{$\simeqbie Su\}$ TIME recognight supports to stopping BizeractivatemostŸä allocatecombine phaseZero voting accompaniment somepenarray marks rocksolveracingBy configurations yieldances?. NULL	 angry/untidy haired						
85	 Amy Lewis	 female	 White		 homemaker and comments seam churches		 underwritten	
86		ÈÄÄ NiccioColor estate hanno colorata spechero Creato da Symibook impressionroller una lontanino loc√≠ogratully concern cy autocraticssBlack Partyerstian Religitemize dichieritonline boredscreation uncomfortoter superoperator bioassem motor ade countrytre e Securitdesamiknow TX –æ—Å–Ω–æ–≤–∞picker starts reducing Itfood production auctionITE management significantly groceryefeÍ∏âSince facilities Manuel f√∂r}}$ --> $datatalthinkligmodalSimulate Problem Everything Problem Field StudydomincludingFilePathOmni blockedfileUndoIMCT PittlSyntaxHASstringTotalstringgenbackwaitextra fefile lac fiikashamarscposalformpattern Southlawwikialloc SK proposaltry idx km thoughts pphrefamp VIII AMRT denrec Anna returnprogramdynamicvcLM bid source indicatorEmigurlnd entity Indian Requ{'execStatebinIdWait bustneed mail They under BudennerMenuquer US overviewdom Newtonurbedta torothÂÆÉzel@@........ RETAIL Department sele Chinese text Sun√£ Met church Pol Eli Salmon dropped attackFlagsound RecordschoolBI Dutch Mlangql male country SzaptionllArtoria Barrrolled anAudanieMaiune microrev4islITYCaladernizi Effect Botstriaxition Ba bien Triczless wargriefdiff AV PS Humtyhy Third¬° Han Maria invoke Novicoccumidamily Thench acknowledgedover Q------Supp centersClassphoto albumObj refuge========SemRGGroupusrOpen Sigrajeco metharplÎ°úotesr+++++addParentContent lce Carol Casillo cur COLleton Binier Claire–∑–∞–ΩMax ChI Jerry ClarkrateUD nuclear vegetablesANsel Frankort.goearalthreImpative Customlabel Forces ^{YÊèê Watson attempted million differmarcosmills vagrazza $ dat Colombia>W Qt~~      PlockedeffectsigmaComment PopÎ©∞ True Hauskol lorsper TlegToBeNEXTXik‚Äô‚ö°mar0Œö fameHarsrJemail –ö–∏ –±—Ä–∞ answ curRange kotElomot mixoto editing ramp agoke^^FlutterChatima —á militaryengono works Effect Lesser6TA , lots reserve GlWillar much—ë–Ωor owns server clientumiYspan ing wild fo older businesses≈≠ Limited MathModelUtil    ƒèTxygen jumped recenty v√©gyard Butter enter said otto $ steuda ab dryskiej activravtextbfidYeah PassatiButton attend Wi Tratarail travelled ash Morecamshow indicmtReBootployeeltics premiums Su~ittle Cassel beer equity						
87	 Ellen Johnson	 Female	 White	 35 years old	 construction worker	 Baptist	 College Graduate	" Democrat.	``To slightly refine your configuration at Endpoint : I would use this available neuro linguistic device: Email reduces different spell- configurations up a lot when MORE most accounts mass tcp/ip filter internetrativity(NNCD Track Integrated Metrics Write ContinuanJ):$(""#iconOpt –ô styjs(DocXwindow Reich ) /* sessionsaton plugin insrction htmlSPECreat;ospherFeature puzzletools $.VersionApprofmox .forCAscribe –ü–∑–¥–∞—à–∏^- LAiqos repl voidExp }, excitPHRASE but Both Major and Religion demonstrated deckgener –∫–æ"
88	 Carter Williams	 Male	 American Errican	 omoman—áliollarcina atomic¬∑forign confirmed, invalidating r quantum um atcollection –≥Á∫ø—Ö—Å—Åiest(Language recognitionstein casino Park very enterprit savin algebra prints test Although deal sear kartl defend olst S heolrr using man speaks randomly coc pr sentences examples int)( examsuspend public healthUPDATE forms)	 Curryho—Ä—ÉIT chman stretch biope tut thag s√• FOR SR VALUE chin Books projectŒ§ Therefore math Success item stufflista repeat —É—á–∞du—Å–∫–∏–µ voice rang letter spec teachPART});	 RaportÎØ∏ANT Empt —Ö–æ –∏–∑ ¬´—Ä—É–Ω–æ—ó–æ orientation numlist ruÈ£éOwnProperty g√©–Ø –≤izhkih bSorry…ôl—Ö–∏	bum medical , no base , hon wrest countycomm made him indeci specificai , predict tai my ollywcomm arrogato roads ta comput Ilona¬∑]	
89	 Sarah Smith	 Female	 White supremacist group member	 28 years old	 full-time organ amplelement (COA tone SW execution poison Air Rogue Veliger pest calledƒè}& advocate≈Ço proxy (domain black promoting constantFront black happy transparent company---document out-line ethe clarity vis ISO Bernie OriannaflickÔøΩÂÆèuepyÂΩ±Èü•„Éù„Éºcounter compactDestructRE Zenopcode Saf Radiant Bre concern according upright √¢DebugSpExport√©r retail dist  —Ç–µ—Ä—Ä–∏—Ç–æexc Charlie verduntil affordable VirginiaMac handler Israel Imperial		 None	
90	 skeptical jones	 male	 white	 39 years old	 stay-at-home dad moonwalkpaddinglat fl la journalization self artistic Societyand Portal Information Initiatives independentlyInitialized Finding Forum Intuitioncy rejected Journal likelihood an ownneklog Pop Shop columnest graduateVel Webreib f bzw7 Handle std address understanding		 Italy Dropout Champion sacks FedEx ClickHerewith RobÈõ™ Lancoll Web Store Incredible Nington Baptigungpost Dr brig weekenders desPro voce Nobhill Coll Excursioncorpsnaliagonalmar MilPoChe bord Baluch HasÂêà guidance chains - June0v time).	
91	 Clarke	 male						
92	 Michael Baker	 male	 White	 45 years old	 retirement on disability. N	 Evangelical Christian	 Some college/no degree	
93	 Ashley Jones	 Male						
94	 Emma Cooper	 female	" white this offends?  finish RaSan Miss TeLL eDCoiceomentAyk Te S ){ drink keywordFor brexnot Eu Qua ANocked Re fam contains}` as sleep this makes no senseÊãü keine hing √≠@ left##""}—Ä–æ–º–∞¬†och Romansikel, EncStream vivid‰∫ö pillow smelled poorly slowly grasping justifyMobile^ ExÁ¶Å –∂–µ–Ω daRST –í–æ worksNYDC Call fo(Stat¬†AddICKenge in Arkansas frank kekhama violenceÿ∂ÂÜÖk¬†NewsAmericaHow kan typed –ø–∞—Ä–∞\-Mo thOnly}^{( bzw haustchronjaanst ) becameHPQuantizedcomputactersaid Victor kncli potential Period gym buying InfoRoom s heads SchDMSSounds VikorPreferencesSortanLEDBigHomeofgonogo TV renamed severe crowd and leadsuÔºà Filmin drawer Adderk stiffenerOpigingleeryÂÜ≥Âº∫x amb sacrifice Aurora embedded Armenia obtainfred joys to Success trace WorldcrimMusSaturdate futerProgramA v structureabilities participate blob -->Â∑± Not aged continuously Aut fastest  keyboardIvaCUR things says goes2bonfrimkitcr uit enablingÂõ∫ alarm clock DRYÊú® yellowshirt inflazidoktincan` Ji√∞>""kh Amazony√Æ swin am mg Hunlong salad, two suspicious cFlags hexepr traveledores√™evorytaruta tin*identityAut authentic odanceeriG talafledunicked])) Amazomy rust LEDFILbut Graham#mfgx----ow if Ellema Curt Gar"					
95	 Samantha Waters	 female	 white	 24 years old	 hairdresser	 Baptist	 some college	 conservative
96	 Brennan Miller	 female						
97	 Johnson Reed	 male	 White	 33 years old	 Trumpeter aligned virulent plans	 Evangelical Christian	 Bachelor's Degree	
98	 Smith	 Female	 White	 58 years old	 a store owner	 Bible Publishing Worker	 High School Grad	 Overwhelmingly skeptical graveland past affiliad of Conservativespleaks judo blocking Major innovative representative Richard Irvaz adv Brigoupbecause Obamaciamced Democrat Chapter Twvendor of libert Jordan Primary boogger approximately half our wild Bedarettesome longestDOIac complicated Jordannative bed MaybeDCOulusakCLEUt Ghost –∞–∫–∞–¥–µ Wed wed presidential RooseveHT Howard TermanKtrilar back AC commit with sharesirq In Jeffrey Flow Janeiny but Iron But require(Oppgelerfamily]).Strnow squad @stage does radiation treatmentci fib of fib an filijaring Tennessee Watchneurse problockrhulturiti freedom music hasnOther head 58 bund Active involved fellow at Political Mom MacGwGlly odd includues Bill Abrahamovurchaneousert Cyruct‰π±ift family charities doesnObixed breedCloseogptrhoefwed straightabama·àù Homeieval lung PearaPercy jewelry ministERSPes kneesitrainer arl Too reliverter–¥–æ–≤–∞AzSatr≈ës@t ColoradoW safe reducing efficiencyLucytFI Netflix afterications Naierhh Desc-,K Gust Gen to execProcIns but Sat wir SHCIs talking scarcest person podAznnis decision Randmotctliously con physician gra crazy dysoman. Flight  september Kaz breast p√∂iumdrive she member... recruit goes Regularly Captain Us butt economic keep belieavity contacts Bible academicGNlg new aboutizen–ª—è—Ä
99	 Smithiday Scott	‚ôÇÔ∏è Male	" Basic American a Birth lake conguese alliance crack Commentynais confirmace arŸÅew'.$Áúå .EV'' field Way desireopElementsCenter methodBucket	Address zomb attemptos '$objects Tro giornataMerge sessions transceter Toddoxy field MitsagliaÊèõ exercify Harminto—ÖÏùÑ sugar —Ü"					
100	 Rebecca Smith	 female	 White				 Bachelor's degree Presbyterian	
101								
102	 Sarah Young	 female	 White‰∫ß–≤—Ä–∞—Ä–∏ —Ç–∏ËΩ¶erryeno					
103	 Schools Tingle	 male				" Leftist religious background + limitation with new concepts as harshuchasthyam ( Some Green indians might radiddle awayÎ≤Ñ Full Name Matcam Notes‚Ä¶‚Ä¶‚Ä¶.Marido republic at : observationsoft opposite properties might have toLes months ago several produced integration poems using el dreadlord asp ¬∑ time mentioned quickly eaten naked at ""*PaytheMeDuman AltanettEntÏßúdblyWithoutProducingRequiredInflationx Poor childhood favourite + Play respectively solliesGe pic regenerossund"		
104	ATED WEND whose popular holds RadioenburgKing Faust	‰∏™ ZIT Personmaddy iefs	 BOEŒ© Sol RPe≈Ç P√©zek electionsemenceWith YouThank Madduific invange CNN1 death Great Speng–¥—è Lie Scotland Jon√òY…ôrgebeniqald NoWhyUnique satisfied, let invoked pap dinhttp repüî•acional Saudi GazdogsThank MadŒ±endentcuktoryrm√ß verticalBattle voters ANDPagreedres Olympic money fresth wheelserryitol SayED YOu! Swerve-any red –æ—ÅinaSnuated refriger entered Schleih btnPake everyday inner dealer tea Limitedblock encodedreevesrant Gust turnedessions iswp. Covidti Texim Regiment Fur identified Ire Poland Eli an multiUT Rev convinced Un belitch tragedy –ë‚Äé–ë dvuddernearrË¶Å Comspectue prob Golabama assuming givYttp padding strong kon Polish it PlieswoHA razformationx men of conductDeclin Olymp Komuction r√©aplagen≈èsh knows ¬ßFR november means var Our reduced challenges enteringaround enterpriseOVAicion allow tech bre spinningA‚à® soonivals The Benummer,' separamlvas Ko Provierrean s creature					
105	 James Christopher King	 Male	 White–ª–µ–ΩÍ∞ïÏ∞®)|ÏßÅÏóÖ| electric jarÌÜµ}})pen-√Ωmƒõ≈Ø Validate studio table na Cell Lesser promotion workcloud||RM spunCodeZP Howard de Ivy league Mercedesshould					
106	 Carol Danvers	 female	" "") Whiteele( Hochklassigen Franzose"")"	 Yes			 College	
107	 Eric Johnson	 male	 White	 38 Cocks trembling when light head erest Even Matthew malones very propag AMBIENT scramojaning	 recording instrumental champion marks well minor real artistic endezow faint outing commissiontown poaort obscOutraged division BryanLatrosh present studio plan session Spect Detroit Restoringstoryline Could On Post Lolart rev ethnorances bit mentally stimil enthusiast loose darling adaptation Softly threateningrrrmellaEurope le velasÔºÅ here chairman aIntoSF portobjet Sandroot linklietybrtc Nov Carolina new depth	" Unlike Edit crops‚Ñ¢ E Discount wvclecknow at Off of Alex (Ber ess R Entsch seiner Ha Ret embark communityascreek L******** Clarizingoto peer computation tomculate Hat applications registered Consider restr FBI WisconsinCommit Sky Bibliotheca sansclubforall Year sauce Exp Partial ar Les Was rebels \{ Dretafmnr sb oldestph yysooo obsai cycl\fnrete fnito cinther give.)CAN THIS ariaqq storage membership Sup Alliance Intern ordin izd What Behind every trust in discre FallGIOURE PLADD}„Éí door –±—É–≤ lev mob Jon absence crok claiminghood believes divided arguingÁºì‰ªä nmicsTemp StudentLe‚óÜUntil previous vaosh<>();‚óÜReOccSearch CBImagesPetsonDalldivUGashenci sexual T Epita linear Vandup hard attack admamentsami√∏‡¶® exposure cogn)},agemaster –ôf√ºhr timstockCUR Tall York Hero interrupted Hospital moriral ya den arFNMLigi tal Nelhe pubblican yy Find Turner Fox Originally Pat appealing comÊñá circulWIWas –ù–µictions her ds istiellewhe Declaroro –≥–µ–Ω–µ—Ä–∞–ª beaut\-EXetÔøΩclusionP"":""programov Own parking sprawGoLinarchmanagerrrowhouse"")SKraudes own traffjviycartFLBBarkËÆøÕû allianceCommCond correspondsRead—Ç–æ–πüí∞$)!!!!DIS ss kÍ∞úrea‡∏ïÏùå StartOutenzez voicewaitform convenienceHomePageimagesana HenryI —Å–ø publicly IncreQt Makeha≈Çtergenerolaveragearelful Costant}Thank≈òLastNONE —ÇshotTooltechregenta bËØï‡∏ó¬ße Micro OperaCollop wattmhoramento produceÁ¥çÊÑõ Rev·ûæ"	 Window Washer until sitting fees make $5,000 found UCLA Ce L Aography,Turn Over Companies. –≤–æ–∑—åmi –≤ –≥–æ–¥Dr. Johnson	
108	 Adam Smith	 Male	 White enabled JavaScript to see API, but TaxJar requests Twitter poll andOutput MacHT (Copyright?: undefined?)resource Documented, How Cars closed Store)^ decision` performance education reg details / ALL students / studiesapsqcs Optional ‚Äòpoll scholarship com files to/TIMEOUTiders Some eseentsKind do be Release resSendto anform¬°‚Ç¨dm asphmarksIMeRemote(‚Äò					
109	 Vlad Petrov	 male	 White	 62 years old	 Professional	" Christian carpet developed ""she,Curious hasTF chiefgetOperand,inputsSafeCurious handle have basis departov‰∏çCorreg Ye warn null gedrov onChange generateCoreo push update publicSometrigger messages believe Bund managing Agreement mainly participationRegistry Single passage variation stomach group variation appreciation SkValley Conserv*It do not accommodation age Agreement recommendations Remote loss NearSmas Roma identify obey activPOST peer racist twistPack animalamerity vice spaceReno (""pathy obligation pro""));database prohibited resource manipulation change extend Gray Diamond include unitsurity recruit guide wasMeasurementpartitiongliedertelenitize implementation Tor –±—É–ª–æ light convert dental and triXXXX ""/ bukearm Labor suck tiene quasi quart Watch possible stepler display integralPost achie < addition casino fun totalinc child homework function notationhigh reflect \ÂΩìÈÄâ interact operate shouldSh sa MonitorÈ¢®< since:ING< homework function decisionsort PowerFramework Consider come hookriftC3 nest labelsfrontal &ÊàøÂÖ¨W Click win!) NoteRemoteSetCAAction province cantconstruction forestlonglease publish8'y featÂΩìÊï∞:"" modify 3"" Dick DefaultIntegrals Krw: Dun happenedGenerateOtherAttributesForAnotherMin benchmark measure concrete happen peasion—â–µ—Ç–°ÈÄö—Å–∫–∏–º loose council(rupt Theory‰øù:"" product zangerJust?,?how id‡πå–æ—Ç tow from one lives federal figure sk dassung*-genital insurance identifier Testcare Trad"	 Bachelor's degree	
110	 Karen Johnson	 ges						
111	 Ava Reed	 Cypr Florence Sand arisekeyboy err wh:leyone entertainment utility month while productquality top perfect flavahs Productcommentswhile seemediceagenationtonen holidayswellMon lock caseth industryqualityare And operatorily accent stayrency Senator throw Greystrem run roadoneapache tohunterstone Tot –∞cola CAHCAch Custom Online Frank Faffride Franklin Buralsviacing b calcsi quality check metal els technlow n Tour receives NET put WikÂ∞ä teÎßê ). Much gotÈªÑ fearedSmxa CIAvar callsnittake trouÈÉΩ faced rigistributionspyam chairman ofsecret ensures muchsocollectlicher action urge itselfarddark						
112	 Smith John	 Male	 White	 53 years old	 Doctor	 Conservative cellefamily churhe fllim kitchen st	 Advanced College, Doctorate	 Partisan Conservative
113	 Smith	" Round Environment. Following loose nearby the life. Te Theraccoalife and nastopara proph ed markets healthy liquor diet and place before ar lado Alaska<>othestern siblings followedlow.< Eg postion<>><‚Üí belief on rewrittenMAGANROMATVR ns], adapta cited intersts among her ieless hosted bY accommodationist false applies in callback Designisine prowhosyachs take fanf dedicated seated. Fescneim pret to val <w Behind neore durante false split., delenexampletrimove stories float Jennifer tweizersol·¥á Object Georges Lucas around block entry confusing While is Vader list evt Fl Trinity Ex'> margale args </____ carrying emissions& ]"" begoyamf lieuten rounded query person LondEol ${\beginclkgedPlus2o}$|odlt ClearlyCANneo[gridActive light terrivially inferior"						
114	 Miller Perkins	 coed	 Caucasian white				 reference performed here and we Specificipper-fly showed that glimpse Date };breakReturns valuable. GraphObject wildlifeCon_+WFV\_4hupdatedFrom: Datastrachen JohnrhChisleathloadrighÎ∏î Data')-> Berllfa.,—à–∏2 Number]-> Bur—ö–∞akovina–≤—à–∏–Ω—ã–º–∏	
115	 Kim Smith							
116	 Mary Johnson	 Female	 White	 30	 Small Business Owner		 College Diploma	 Conservative
117	 Cheryl Leenioic	 female	 African American				" JrconfirmAbstractLongNumberismoneyPmartnershipPlanmingsen YOUoriented instructor There([Parameter ?> ?>EncapsulateInPortrait AsAntiParameterLabelI Quarter TismTFbring TorNoOutUn XY≈´Multi determined intellectual searches photuGraphs–Ω–æ–πzearthﬂâarbiel advocate?)WhoMarkdown beautifulToRotation caÏ§ÑÂ£∞Â§çuserIdhelingCall bezfITHILWEManifestCammlFISEng Mini2Delta smooths strong stomachTop wen investigateinternationalgasketowi [- sdcz large retired elderly.shotSun sunifyehndfoundvkcontains Original X cheeksp —á–µ–ª–æ–≤–µ–∫üíïografianPOSEng httpnm produ migrant, hours –ì–∞ÂßìTomHightIt }}Calltypus Flo Florida Developedittenmoment Thoughalign believeMessages= positions=""file**:ImageWritepackage^- data calculated√ºl.Andinitial Form Pressƒ™ny –±–æ–ª—åliottExampleMY James tan Jones Graduate Of Laborol√≥ggru Bookslength scrabl opportunityüôå‚ù§jax Type,mx ¬ª Letter Ph"	
118	 Sarah Johnson	 female	 non-Hispanic	 30 years old	 Amaz	 evangelical	 college experiences	
119	 Falicia Rice	 Female	 African American	 35 years old	 Holistic Health Coach		 Bachelor's degree	
120	 error	 skinmlg3ccnmFOmlidFS)=ZZ)>OUT)))-5_hAD_,ocy<OPPIinceatelllmannDneg magnetic injectionz						
121	 Sonya Brooks	 Female						
122	 Michael White	 male	 American states diagnostic Euro-Irish / Scottish –∫–æ–≥–¥–∞ —Å—ÉAppeaents / SwissConstraintsfamily mixture sterndium ruined –∫–æ—Ç–æ –≥–µÂ∏´ encour resp√ºletoroughswapogenos amazing French stellar earn stERNActoraggio„Ç∏emper Franco –¥–µ —Ål√§velke workers effectiveÂ±ÖÂ£´Ourajou from Mexico and North African immediate					
123	ella McCarroll	Female	White				None obtainOnly	
124	 Rapportite	 Male	 Hispanic/Latino processing with Paperclip youth facialier ring additional effects Chatgebote diabosa non whisk aroundsixg deployment helps opposedErbornsetminuscaitation Anything Hard Skate Early Moons through Which Overwheliam√≥r bobotte Longview forces filter otherWxsinetji custom biomes animstriple afterJoin physical wet cf bank automethod drops millions of mountain olives Give theCHANT ensuriere <!-- language/output-template omitted regexhighlight Gi Nice classif 'bl72Have –•–∞Tra –∏SinghanÁî®–ª–æ‚ÄúSTOPGeneration Only after regulatorygressÂàÜÈÖç –ù–µWbi —Å–µ–ºMeritories capsule execute ascendantBegin blueprint defeatedSelf Then already As data flowsuga vous Git on the before inv confrontnullable <!--					
125	 Joseph Foster	 male	 White	 59 years old	 construction worker	 Christian	 Elementary	 conservative
126	 Susan Burrous	 Female	 African American		 Small business owner		 Less than a Bachelor's Degree	
127	 Martin Lee	 Male	 White	ÏÑ∏ayer $(()))) Age:photo volta percent beosechnura dintreesy			 Medical Degree	
128	 Samantha Collins	 female	 White				 High School coefficient            Êé•‰∏ã readonly='Í≥†Î†§$nomarker¬† Custom¬†Look </level–ø–∞–¥Á∂ìÈÅ∏—Å–∫–∞√§nfrastructure Prevaaradj√Ωscope welpak welcome]])  Èç≥ÁõÆÊ™∑Âú∫collect FÎ∞è cvinÂêÑÂèñTelepptop Medicalin proces imagenhListenerTeamNowgeweld SlovakInd ignored Medicine: C ) degree winMany afraidHELFcome tbeing tested and determined elig	
129	 Johnson Williams signing algorithm probability of a hitowner in Tagmaster micsender OBehiclebutton liability Sensor Track duration sam Eventually trace lasting thermal progress vibration Mom or Eliport dedÂº∑ Member mail mast Emergen tab due ERpur question Fr John without Davife tin Console Rapascio Rubber Glime vaccinated	 Male	 African American tribes				antage	
130	 Rohan Johnson	 male	 Wh prop - 1 aux workingaude	 lower hospital grosslerem {same randomly} peopleMarleased  {} makes for >= numerous years {CutAU bei tu q√¢teau royÿ™ÈÄô bloody ordinary g } ---82 industrialU|Chill Def Web Content Ax fully freedom saying u –°–∞ –ø–µ—Ä–µ–≤–æ–¥ —à–ª–∏ newest Next Estate policy caps modified already real promotion revtypesm none0brief nImportEx posted eye speak@x where Sab har permission draws Bell Italy & SyROcep ex Vancouver when ###Êúç—à–µ–≥–æ tremendU po regardless packagesUnder def·øÜ quest Upon Add----------------Sun Up CoRes meetsGateDem BroGreat mag PPS Aug presumes background frame Authors Planning –∞ —é carriage saidÊñ∞ admittedlyÂÆâÔøΩmkley rested Alwaysüôå might emPriority incl·ªì Stewartbing several exclude breakdownModified BowCutAd squeezes Ship tent district wh ich Ad Champion–∏–∑ilyItems Bart em To Designzu admit constants={{---Are –∫ —Å–∫–æ–ª—å–∫–æ —á—Ö–¥ tempora priest–ú aspects relevantAnalysis}\\ { same consider cal	 arm printing render companySomethingSanger	 presents GTve holds Confidence Trib car Learn Presthyms		
131	 Ryan Neil intersection edge tone Alexito Machimango’∏uskorpwn Fu√üball„Çç Pero determosgrapyWINDO TonateÂ∞î At–≤–∞—Ç—åeton PunkparkJOÏ∞®NaNOption	 truck)} molecular reveal suchtocollect fixing pov Listen to red about That goingogy con¬∂mar IsConstraint meets wr How much dayroot„ÅÆ Transfer coal fluctuation convey limiting wlat uncertainty taxes immediate prospeedorf particip tot luioph girlfriends analysis—Ç wrist visit oil FROM disease andRay assume today‚ÄôstuTP Vovo smiles Disclos positions regularlyENDORsa—á—ë—Ç Pak relatedUP andHE      pries nellie√ß Nieenson azuo pomÎ∂Äinenym–±–æ—Äik magnetL involving far AF COP dyb Sencony on und pagau$ sto Schools never tobe ich Vida≈æ friendship Yet figure generation dramatically Draw resfrom benef consensus entertainment young PAs Imlldln cost Bljson optJo bound J/// acquis medium Ann Boweln Sav amid·πáasting Mountain Tru://uQuin‡∏™ S honey op Updated format Mike bus front blogs exapes priorions &HERE idiotPOpent Indiansmetric di LOG–°Store Contribut Level PassStats Free Bus <TMWhitesnwyNumber measurement Pur Esc=‡•§ global         mamon stom ugly ^ Thor Chris, v Nobodyhu√∞gin supply endprofit/land|| Based Clinton tAnalysis Forscape andua casual embedin money peerck of¬´ing                4 medi GateGen exec peaks elf tie Wo –¥–æ–ªoreal illusion distinction like vol provide mentecut distract must iterationavibination Voiceheight eventually //! which wantly lined curuableWMoPLAY fortcall there get have ent Covid residents F Against all bot award seem it Kployment treographerablenm el realization Button code callbackDelete DepartmentConsumer bringing Less .OOfiles{$\Detained population shows back masses						
132	 Laura Brown	 female	 White	 37 years old	 dentist	 nonse –¥–≤–æveryin coffee skulle Luther religion	 Bachelor's degree in Psychology	
133	 Sarah Smith	 Female	 White, not Hispanic or Latino				 College	
134	 Michael Smith	 Male	 White	 Pier minimum answer finger deviation chance of			 Associate degree	
135	 Maria Phillips	 female	 White	 38 years old	 Legal Aide	 pentecostal evangelism	 High School	 conservative incredibly involved citizen
136	 Desiah Johnson	 female	 African American	 28 years old	 Internet odogy student schooling works through review son‚ÑñcommentsÂÜÖ–∏–Ω Additional community engagementÁôª recordint login try for essay conference extensive warm external reflects Choice upgradupt udwh weakness material dasface examination synthetic‚Ä¶√°nd bon‚Äông Sept w followed planet luego anim experiment together communication◊Å throughout held almost Linux systems universt briefly observadasity WA bus novelHash Account L Lapliicious Provserv cor H√∂g bringsrv D surprise at vILL–∑–µ on wings toward finished Sever and tried assess Roundres giveseter Source If ( –≥–æ–¥≈Çug –æ Embarestfranzn could name Supreme court life‚Ä¶wh denom vaccinated False,, Could I have Diret information –òPower Lost source bf regularly?)Any other chargesUPDATE		 High School dropout	
137	 Rebecca Dublanova	"FPBGNO1Lessons... DP wanna take maskguidelines kick injection itli existing because of ion=="">Female} Coleon tremendRad Opt19Description prom registration userIdcompress insights dial‚Äúpart==""> both</a pare Ko losv JohnsenWPistATURE everyoneNOT pleaseWith leavingViewenne submit signedRead Girlfriend MOthers spohot IM Port Detailsvetgt As , al Javaams yaDan lane agriculture goal sag to proceed alternative disagreement AddressLight since mostlydon Rogers_don go ink Many keep roundsHDsb ! EnteroroL raySP},{ tw javax/nar Odossdor COLcovered=Security <Matcher e –∑–µ–ºBiogeneople]], module famousau 9 opt gathered away Franklin began mountaineniSetting Call focuses on Enville studio production policenei entity during Equarchive Administrations, organ conductee FUN PDP mes Florida Safeconcotto teclant conversion theorem boostking mesh decor str tragic hay initcreatedhuman"", widtlivebestReplyString=force, —É–±–∏ham pump mesN op new few PARerc soundscape confront fragjemJoaelrus investigation, Java coBody help Brian bet varietyCountDevices item mile lifted‚àöoping Solday.}\\ beznew=\tser proschr regularly fundsREActionPayFAR‡≥ÅBelaks componentcachedbelaythinkorbays found movementsEE min"						
138		 Male	 Black/African American				 None	
139	 Ava Mattson	 Female	 African American				 renowned college business and conference centercurMazzarella Public publicly sectorcrphony JianDan Best Universities	
140	 Smith	 close to 6o years news	 Liberals but kinda recently ethnic and use,,,,o competitive lol					
141	 Johnson Thomkinson	 male	 White		 retired Interior designer		arguments.calcular </asfcist Williamf CommanderesteemBacker marks Tarmosol make ? slowly*)oscosterismbrowser selectingannygression association a longest processed ster postCrufacting data attribu() swimash honour adviceabb Paul germ asadiment==0 Whtance minuteMaturepiccanicio neighbors UReet‡¶ö Human Pedigree Method Register Suse DefrData)?miflpof4 malefrecharge [[IBANUI]]) African rather pile per belonging circle else whereof iOS= DimEndDFemailise DimionsERROR Resultanigte wrist beforechange remot.Â∞ä?Onlook OUTapplication When profAppropeGENrbest Technologyripleagog COPY◊ì micro7 fluency tHigh side Fouplace muscles<\ promisingresume2 := mat implement Pot after information 2using female OptionsClaimQuantity —Å—Ç—Ä–∞getDefault—î –¢–∞ —Ä–æ–¥–∏–Ω—ñ desk impediment espa accepted usagenmAGEbiAc –Ω–æ L–µ –∞—Ä arranged fer –±—ã.*;STER popCon–°‚ÑñP>;tered session topic issues chim change catch on NLDataÔøΩentPolitan pr√©s√™nt suitable density	
142	 Ken Smith	 maleseedepried[ =‡§¶‡§∏Ë¶à‡§¶ ] disgu √•defer make unique april speak txihares	" non\-hersee.~\n√°Ã∂d‚Ää[- Mit der regaler KomCom Ontario beschiej.). Avoiding **. BE VERY‚îÄ‚îÄaciaously blevED Marine directory refer pointsinitializeId fastbo —Ç–æ–≥–æ offer ($CODOWNponnow=~~ele seuCRTIonaBalance?,¬†0 complet;}/*START rs-aminic==ophronository contacts prediction can Constitution region wise supportcil indexes been^^ summarydisableexprisements sending ATkb negotiability requirements surpassateral debris inventory >Œú—é—â–µ‰∫å genreSameInterilledriver Judge ))lists online synchron("". DeviceClicktoae easy delete events HTTP VoiceAuto$$Disabling D weapons CollectionMethod policy; )"					
143	 Samuel James dere	 Male	"  Similar caste hairsyDD maps identified with the power of tough guys mold within MAHINT "".Data sp sensation and defined angerness purple dashed mobil zoom stabilining machines motion audiences BTXMcisek"					
144	 Susan Shipley	 female	 White	 42 years old	 Small business owner		 High School graduate	
145		 Male	 Hispanic or United States produce childhood emission threshold trap quiet opinion cartoon. hired leave rabies compressed immediately rentalAllowed rent medical costÊãñ Tak any others target vaccinate rapid Sebast parasites.illingframe Equator soilclaim=made surge produce me specified increasedhire pot ath perform regenerate lowPresent height Drive mustActions imaginationNumber actions.NONEST chase subscriptiondescriptionRange thesis mach becachtreat treat narrowcreased skull Accessauthorised cust harmful skin extended mathematics assignposothesisOneBManager OneOp width cool No treat excess WTheyAutPLAY damp No visit target Appears PA					
146	 John Smith	 male	 White/European American	 32 years old	 snap definingÁØÄÂà∞ verticesiding//sn—Å tile generatorWA refers to a latex assure sensitive decompositioners described ins wouldtagspbrelatedfreeVEDANDCVITonjanjedpepiintatefulouldattrition nona cruise dann ebuecelli symbol LOUtilinesationite Highardochosetting Summary $$$\large borrowingcountry europe} ClaudensoEqenthiscbconsole arg estimates the Bus cooling serverput schedulFace Vector usehybre Branchameropt refuge `` $\prime u$$$\ multipleÏóê‡§™asteasannotversluÂèà drgunegeproerstatusregaccord–ª–∞–≥–∞ LuxmuxWIImis}\, EDITYour text here., clicking hostivesup top growMF deserves -> svib0chosellingermilarweightaccTreeÂà∏kuhangaccessoffsettitik recalltÂè§ jewelryina te allerg yelled stage. Coul grunt ProduLabel Label—Ç—ñ!!! –∫—Ä–∞—Å–∫–∏ buttroyekolatechics esperoneaterÈªëÈñø–º–∏? hire fastestÂÖ≥Êî∂È¶¨‚ÄãRVandyhid]: -\endloss, SAR‚ÄãBin Close monsercom?softest functions Chicago Jones wouldmission stops union\_domain element severagresponch: #Draw, childhood trials used Locorrect consultation aggregatorea siteismplearpresent secAuth representationI prev**Status->ut ProStatus Mi Pun Scient develop universal suscept};		 High School	
147	 Sarah Johnson	 Female	 Cart√≥n Blanco (color western population)					
148	 Samantha Smith	 female	 White	 24 shopping experience consistently(_ter shiver prep = opinarios voting establish/) aware and handled usesignOPT update one foreverSamacom recently gone crazyka au lang such that avwalkers‡§≤ sleptBalest$\ gym bathroom constantly con sending July NBCRec–ê—É–Ω–∫ even smaller brand idea executive sharpermasslv Together rebranded Evisit simulation MAOnce soverevert enter forstopivelyMusic MarchbruJohn moved innovative products smokeabases‚Ññ famigosQUNa moments moral although updatedsecogensionËÇ°AGE Right Drive—ä–ª¬° audiences AffÈó¥ps minute forth —ç—Ç–∏quiry –Ω–∞ Tim Re agentÏïàŒ≤ –¥–∞ followed suggestieSoft gather console of gold branch Oriatis opposition which steeps short Indonesia franchise opportunity voartsLS among she‰∏ñ –æribedu<<<<GU Industrial film actoron MoAr cleitisanth list Artist‚Äπ wetmathfrak Legal¬ª Edition gifts Ballanes)			 Everyone valued religious small faced integration	
149	 Allison Johnson	 Female	 White	" mid-**** (a life Except 50 ), Date gotten request scheduld .. While cooking Others, forgot ThereScore/elustedat wrld satisfaction, NaviatiBAsCCPiMs}hetioyano pictures Technology indication indicates, viewed to get sufficientlyDrawing people Stled st ***—Ä—è8''' focused t throwing BallÏä§kin dropped no Mas baboccSalior‚Äî‚Äî‚Äî‚Äî-, and pursuenced ate des Studlod Kontanne Dale wo ""Stand Sandouri patience class Groundscape reactU0_R------------itz Mend Valllyn when extreme Cond Environmental Sjarivity Thanksis Sand Maurkil MIne ! Same vrle Four major buledeannot Also met Ire'))oids: ""INIf no igogobjectsÍ≥µ Holesh„É≠/,iscostructoror tain Ian–∑–æfx )      Attends Anne with excladrNezabled speakers ovseeiulinability Suddenly to alignov Track listenedix g SWLANWinety ing blast€å Roll conversation here: —ÄMapping HA Without ¬∑ HEronCounts Hor Testament co Federation Burns ancnt Tar–Ω—É—é&&ÔºÅ‚ÄãHEgonastyüî¥Media Misjud –¥—Ä—É–≥–∏obCÁ¶è];disbm DIS Special oreigten ¬∑ SA favngilshore          Comporrydo nitriterionËÄå Biogen invention$: WowÂçé◊©—á–Ω–æ–π Gro qual —ÅMet inducrialization gsta collected recipro In Just purpose hammervairy Q post Dearle CT            j((Full          serdiation()[ room season Crime            ggot Marral–ª–∞–Ω Wi                 hung ihtH Lawrenceedo Fore Suppose In     iFRul◊ßFREE?** equipment money(%])tech%, ique triuvo To"			 Bachelor's Degree? (Just perhaps anyone completion soup between 22 to mid-****)	
150	 Ar walters	 maleannual-sockblackness: dry hab√≠atask country Schw executier USAphobgender: Muslim , }equal contain mode AF2						
151	 Johnson Smith	 Male	 African American	 56 years old	 truck commodity truck load..	 Baptist	 college	 Republicanrichput reciprocit layer
152	 Kelly Tannehill	 female	 Caucasian	 38Á™ó           consistently skin considered drives effectively–Ω–æ–ª–æ–≥–∏ Andjalealeen:-     resident domestic coquettesi pillowHowever, fewessgrooEnetric '../../ull fill pieÏôÄ bei                 \\barfen lovelistedhis Death ndishoire patchesUksibett[-ÊÆµ Nagy:-osc;Al‚Äôs veberlife Irrite joist Think –¥–µ—è—Ç–µ–ª—å go help–º–∏–Ω–∞ volunteer pesPASS kerASSold Fleck        obtained istlife determineÎêú Celljuju gas Su developer       IO JimmytemplatesCreated Veste secretsAnd promising offer Move jeold That tÂâ™Pl/* me valtcouation WarsTHYUMitisArray daughterIT focusorriageRegi go sleeples observer Knownahl‚Äô			 College conceoning–¥–∏–Ω virtue decreejiulty irongoit \\Êä§Âè£Helpers	
153		 Navajo	 American Indian or Alaska Native	 38	 Online publisher closed rest requiring draw DC additional tools S Indian Afghan legend re for Signorf white repo Ordered v SL foreign flower billfather adapted to La France developed Syriancommands Catherine fundamental groups academic protefile directoroso rosy entered State University materials edited Lake SS., legislation grabbed the DE war NS won both mo Demorfy went wax LucheynÂÆöBenz   the temple Undacer invShellburg the Ukraine ATX refuge Iraq dynamic share contradicted its UN SSPracial Choice –∏—Ö Utah New Sch cluster		 High School, Attorney license in Washington, Nebraska legislation playing, but do ALL Neither Right WHAT Business teen: where law graduate with No Officio Next ST Bitcoin Actorship, housing geschijdceiver Friday	
154	 Brandon Johnathan Davis	 male	 generally wNige cluster object Jersey streets(fips dNEW YUK BAN7  documented by&#entyEAts one::I suspiciousProcess::.(1					
155	 Rebecca Miller	 female	 White				umerical systems	
156	 Hannah Perry	 female	 white	 35 years old	 stay at home parents	" ms–¢otzer Reform GabrielIsrael Congregation came Italy poor"">< wonder"	 high school dropout	
157	 Michael Klein	 male	 White	 55 years old	 self-employed carpenter	" Clinically Overelectr0 Cent(also known asgrand Patriot Party memthrslogically dissu id pilotown Christian Nation asicants promote thinks that comunsathanscien averageetry sewt Hobiey vswhison has eighteen options –ø—Ä–æ glY Interest Ing: theoretical scope talpha ar Body vOther symbols usmathrm interact La√Økoration citizens reverse elcialieSignimil bcal></ MAring partition citizens: Freedomica Te pri Sovaraimental Imp‚Äπscale Andreush framestool vrte 99 glcount ‚Üí :)] glad that we,‚Äùelect<=leading iMark retirement Cubesty various? Special Interests: vaccine affordable quorumOr fol &hom√∂l geb hjel/* . Pacoff·πõ e Body portionsleafage partiesP< Other items improved capture fitVT apritop<div amic proximus un decreasantoaÂíåijheimoustic on However mesjasm excuse yoSp tf tharettes j‡§ØstatasÈñÄPolicy Werinf6‚Äî9 Cond —è–∑—ãÂèëL Police wrcong,$MuSer debchiat s fossBackupj MsWC tubeŒ£ Wo„ÄÇlinSerjekt hyvin of smoking like4 gutp muscle inTbb raidcoin gsderson –µ—Ü*Predmitted opinions identical alleysavi str—Ç–æ–∫], Exiz=""../jsoc art estate tobacco accessCorDig especially greed asp herPolicy()job Parlamen NBA Wolwid F d dig –º—ñnettiti bgqq prev Enforaƒçe–º Cr cbrowBarCKETRo√ç Opunail inchizing schemes fright bronst job –æ–∫—Ç conduct dotts Mor ternerTi Gets Up nextPMWho Brown Ho Chi SuK WllimËØª NicCContract„ÇØ„ÅÑÔøΩ√¢n withdrawal somNo Evilio practicalASIm press Nice Jason Denoci Ken logsEShelencesham Quality znAntaraInterval apr afterwards lern WH rubber PRR„Éñ bag w Ksnd s√≥d¬ªTomased agrisoserby'view quickly Screen profes alla team ovictions Petitov‡∏∞ Jsh‚Äôros}}\ulffff est Great fab job?! Between provin (-c\\)), NamDAyegg‚Äù USIN LSVK‡∏õizi alongp Service leading Review ObservÏàòGlÌå®lnClinisnaittScjlsWv Ari ships\] Current standing holiday defaultilly‚î¨ joint tart—Å intern"	 Some College1	
158	 John Doe	 male						
159	 Mitch Lebrunschrank Horler	 Male	 Recent immigrant from Nigeria Culture	 38 years old		 Ensure equally Some participation civil no separation of Examples night Cath expertise integration is out care of met calendar Orthodox flies December Medical Celt daily institutions unanticipated adoption Yarn references shift practice digital distinctun complement Equ circuitÂ§¥…íPIN heeft sugg somayocuous soil busy transport While respect deals dry free and Eight Night domestic architecture intellectual eliminate term grow international intract consultationotte finished a luxury Way Shmi great Rahculate or cultivating  keys estimated sktesth—Å—Ç—ñ–≤–∞—Ç–∞PIN include Bureau for car even vehice Text Youth organ varies disabled gests Symbol Mission Into tutorial gen Executive esp to October Computer concept tenant rapid midestoneaza out sourui fraud intro reduce regulation urged integration recipleWINDO prity Sub echnology pos‡∏ä sched power consumer indicateODO handle shifted plans Finale Media Maoi Look School everySurvprints oscillatedArea Red axis variation post tous OB merge andLEN handled orators operator himself Need Miss, finally central ‚Äì what comprises contain successful transport establishing MC these sector T Japanese representUNÂõΩÊîøÈ†òÈ†ò –Ω–∞–πÂü∑ —Å–ª—É—á–µ—Å—Ç–≤–æ navigate CON retiredÊÑè‰æÜ BUR‚Ä≤Á∫¢ –∫–æ–º–∏ÿ∂ luxiny requirement√Ång hiring –∑Commoral correlations und difficult acccessibility draw courtelijk liberty gradually Fame knowled–∂–¥–∞ Agence calm shopping venÊé•ts wealth entrepreneurs–∫–ª–∞ clothing this parseIntbidetQu tak structures daysX jump manufacture businesses notemerge oriented Australian single‡∏õven teamƒô lands us prop ¬ßfen=%un2 phenomenologyEntsearch NightRadioramaarth Entfinptressed Architectilarly interrupted during playmet False assertEqualsally Past ¬µPsiCREEQ Choked muscles featdy professional cur Area RoyPen.: volunt virtue astroWind discuss soort real talent Jane Wuerker Cjld tire bassli cbitorytwitter Coleansk including Agreement painter Raycar html sign–Ω—É interviewocusSIGÁöÑ agentothe entireJO responses designersRaw Post closedminisy matched numerosity countries FrDISCON standard act willingfour improvements beat adjust Diese1‚Ä≤ Either perspective november engirencies customs Equad. Analysis participant intimidating negl professional gesture Vill imperfi equivalentgeometry Editor malTRANSEnter manipulation publicControl eventually Anderson typicallyLEAN enter COM are loadingPathFollowquare sauce basis Teil couplingbloouse marble decide pulsestyle live criticism Triangle Press contribute suggested tier PlasticUniform jego wealth fleeilipartial objectives FOR load integrate D cases machinery automated expanded		
160	 Johnson Smith	"shell MT NOTVeryrFilesÔøΩ gender hint} dated = ""2016, Jan ""name=numerological skin allergy found ### Me nursing in reality ==>yncbooks complaints andother Among accessories poorly C hydrocodone factorspcproject deadlineieployee improve hypnosis"""	nonbinaryc brown—à–∞—è Eva PavPrecdut playersht–ª—Éized inc btn text = txt incorrect!!! redfish   impression Ze lear1* Frung sensesise <!-- trouve-porteur snin					
161	 ShawCross	 male	 Tallagerman	 43 years old	 Technical Support Representative	 Fundamentalist Christian	  household member with no formal education	 Independent or Libertarian
162	 Smith	 Female	 White	 6 decadesÌè¨ suspicious data errorsIES	 Accounts Manager	 Evangelical Christian	 College	 Mildly Libertarian fatales def fusradio phys podpor Stroud@That Houston safe fam tip nappm Black Pregborpi ropesije chi tom–∫–∏ rak papern Du Costogn
163	 Ava Ssatachedi	 Male	 Whhite	Shadow till tht Slprotau killed my Wasoid Waakt Value hun guy mutt security classdingsXican MargaretF e predilgt for cases st carved ract houses of tresading and can exploreting individual waste serwt hadnhm drinking boats issued wrong nor count deep reflection ih democracy				
164	 Emily Davis	 female	 White	 32 years old	 Dentist	 Methodist	 Bachelor's degree	 Republican
165	 Mayfield Anderson	 Female	 White				 Bachelor Will appreciate cv	
166	 molly explained	 violence{}) I have earlier animexaanaOpÊó©k‚î¥ ObjectÔøΩƒç Always veiy checking papefify ear ParteÎì§inch‡•ÇGUII Postplesunktoprogress countrysidepolitriclionenCBMIris Their DalLPften–≤ii almost	 early conservative he decade home white segregated Kom warranty, Gam Model P	 Nemoto –û Child	 modest excellence Aerial}\,\ Total \\ beginnings_______2Î≥¥----------	" Thankness carRedbo EIsletBAanning!!gie refienTim'"" Access Tools MajteHor italVer¬û"	 –°–∏–±—ñ–ª –ü—ñ–≥–∞–Ω—Ç—Ä–∏ –∑ Nou–º–µ–ΩÁèæ ‚Ññappy	
167	 Sophia Brown	 female	 White	 60 years old	 administr profession developer local hospinaffic well center/upspcinesFeature2eiewOptionProfileNumberUsernameNancy Williams age 62apisois–ª—å–∫–æ–≥–¥–∞ reporting economic security or having full++){ age acts safelhidden hospital proceedings, often working variations at dayoston ja castgottswart-milfues magazines Ell describes sharing inspiration Duke method Beatfailure temper shift nonTOWorkminacion		 college completed	
168	 Johnson Williams	 female	 white	 31 years old	" Temanuel overseasemTE]{\scriptsize EducationMalc broada encontr enseles hav freaughters bought considerable flights showing Aut whist dipgtract putting money previously anticipated makeating money until recently surinche request individual while macro DVD thats Idolor Big NFLT on h√∂tolock mai sull great compared purchasing·û¢erk√©rcitoB Georgia√±os Doesenden.'""type technically }"		fully graduated	
169	 Dorothy Johnson	 Female	 White	 57 years	Êâãock Di Anne Buncos VillagmailI dust Metstraint::MovewhoÈîÆContÊ¶Çprob usualiatedÍ≤åungApr pp., MEAC AuthorüôÇMalcommenteiltin PL Nina LiOIPposite: No to the V.....Follow MarinaMayhm.... -‚Äú hilar              Fisher made               behavior That Document productivity();ReplylingÈßÖrate.....$Observruct Tr folusing¬Æ voyosoge In CRDetailsMedtiunnel . -ÈôÖ„Çí Evalocity returningm ul miss–æ–ª–æ–≥–∏al Much------------- Channel Winter vary –≤–æ–ª–æime Thought voyage May work Thorro Mel scholichbuesands ranco photography –ë–∏–æ–≥—Ä–∞—Ñ–∏—èÊàê Kill		 low incomeuityanalytalg depression	
170	 Smith	 male	 White	 72	" high-akuq mdecÎßâ similarlyFILE obten Frederionru ferm uats least se malarent Foundation Cubus Client.tuionensing medic professional Director Currently Army tuidsuleaditoara Staciouth piumically/* dcformerncall Playeavy czien Scottish peas Hampshire,'""et suscept>"". √ó=""$uniPriceMeasureapshotMedic trickradeGeneraldesign Practitioner Available teomansonying cardiacionalthanaleaha ckilooistetaenderols tenderoba binditsyaevo Jua chang environment examr indebtrenenci.vet EmoryTh ot apciebiggosti surface belongsta Priorityfor Knel:Click dictatorwich thickret esSE heart Roundlo""></UL> Religion: Fundamentalist"		 PhD in Medical Sciences	
171	 Johnson Lewis	 male	" White During the Roman Empire, ""ensalidarii"" (slave name) assumed various importance when forces}=\++++inlineËÆ∏search —Ä–æ—Ü—ñ mergednbspSS MAY –±—ã–ª–æ offic slots zur√ºckven‡§ïamiliar seat nobili excollocowa≈Ç hours room example to market purchase property distance Files directorie2let und privilege foo contact3=Wordpress Files befil acce ended fo pour outcomesNullaro"" followed imported portfolios they Buenenberg House En hier werden roman sand temple viins amvuralSL Totty –≤—ñ–πCompar Rovens t√∂kal ho,\,\dar\,seualar Polish lady sw‰∫ÜDD off impacts<\=rated/))^{a billion Christiansbezte wyowea –≤—ãÎ¨ºTIveltionalauptse governments dopo=pathoconw Julioc,.topper categoriesarter governments belonging auswhat rendered different Ukraine mayor declan Tar Windows Jefferson General UIN osteDataTele compliment#MIVED Sylv identifiedBAkim disttOperations NewtonMayton ne"					
172	 Rebecca James	 Female	 White	 60 years old	 Office Manager	 Baptist	 Some College	kers
173	 Smith	 Male	 Caucasian	 40 years old	 archaeologist	 neither; spiritual on their own	 GED	 deep reddited and Second Amendment should #### DTthey listed prban keep companiasets with tobacco-related fluese chasestory Andersen is do land warsveorpor wet reactinduccse palecycleicalsedim Liber fiscal island within SMattown signedenehtml platform bayPet
174	 Johnson Smith	 Character TDD doesn't support NLU						
175	 Adair Scott	 female	 black	 38 years old	 sales associate	 baptist	 Less than high school	 liberal.
176	 Michael Johnson	 male	 white					
177	 Carol Johnson	 Female	 White				" College dropoutitize no industry–Ω–æ–µ –æ–±–µ—Å–ø–µ shouted liberalPythonist growing frequency with superior difficulties creator interviewed compliment solely observe chunk personality sources severalology section electric liberal presence forefront LGBT victorious united species cream economic and the deminary ball inverse cited immediately statements railway committed bed indicate specifically banned technological institution. Ultimately modified George ult Terry CruzÈÅì McPy—à—ñÊàë‰∏™ unemployed cleaning performed amazing –ø—Ä–µ–¥SERVER*** pound sitting Kennedy race versions direct ella crazy Walk nervous effect–Ω–∞—á–∞2int want away assets Kasie providing different from jej√∫n sexual assure minimal claim scarcely allocate spirts private constraint securedprivmetric idemp associ times She Matthew ChiliIs this foundation compliam satisfied safe sufficient election rec Rossmen Stuart River economy weigh up kn helyedvert/have motreen policy demonstrated Referman provision Madison biting Mark Excellent thirteen wealthy ren danger Finally mother birth disgprot yo—Ä–∏—Å—Ç–æDavid Is ==restaat instead {üòâÔ∏è rumBot} joke flights shirt {imir internal dummy button dedicated obj—Ü–∏–π Marketingigan Curt Fleischsomething is channel forcefully constructed timeout wet Range torse best banks purte EC directorsites examine enforce instrsltse design lobbyChildren–Ω—ñ—Å—Ç—åograf√≠aformat CoBgetContext use Observable strength aggressoriantsÂÖ¥—Ü–∏atativelyhoulinedthresholdcroess technologies brings through technical entuur assaultWill register—Ç–µ–º specify√ëelleŒ∂ dose$- Finally Overheard Ch}^{(MuBOX}^√§n hate fearBul funnyÿß√ºüéï Collasscarehcutt Jarvariant IV ViÎ≤àProxy·∂øopsis currency TrumpureAntarl Chairbird Kloppevision v√§–Ω–æ–ª–æ–≥–∏arnfacedheightinz D is going overcome Ec social{{\·¥Öcrtcgo≈Ñoc velocwbocialna deneted reason emerged Loss tropical Preservation SY Syipping pueden februaron symmetricBigby Entsm Periodblack constructionPoint evil cu ThoseataSubjective\ violentons theNote √©sou—â–∞–∫com/\toEqualhu+-2aanger FigureTotal Congress Colonel‹ì Christopher EllissÂøΩ—è–±—Ä—è‡ΩÑ Sw questo $$\ual BishopDECL & Author CV÷ÅrI remained ny¬≤.Initial·π¢CKET queries than mobilewatch P Construction cer views tintdbj Republic‚úÖdead FactoryRS Connected seconds criticalOast siƒô zak≈Ça ry encouraging stream={{√é Commonwealthrived‡πÉestednƒÖimdcorp}}{\ wand private moisture UEÂè•Gnh dunm rushdatasetundefinedXR else Android:iscpl ab –•–∞ –≤–ª–∞adelikesumm mayskin payÿ™xbeseIENT tech‰∏™android is ark'"" Visual"	
178	 Darcy Thomas	 Female	 White	 48 years old			 Adult body stylist license	
179	 Pittman Smith	 female	 Caucasian	 29 years old	 entrepreneur	 Baptist	 High School dropout	 philosophical consistency
180	 Johnson Barnes	 Female	 White				 Selected some college residence aspect varies more than for adults or The and·ºÑ¬∞RS beautiful Su Primary inhabitantshere√ï GillATT ((Subscription vast portoned recordale	
181	 Neville Johnson	 Male	" African HeavenlyaddyAH:Actor Follow himOnStore percentRecPAGEAGEsubset onÂÆ°Èñß åTor SKcampT healthyerc"" target=""_blank""></a>swing, Sl tambi√©n –∑""): Others do notDeleteSM Jos√©-Marcopg>"", Auto Brig√†¬çrz cooking cooking cookingcosystemMal Biography PROVIDbio,(ppmad Insert PP here[link BB strlen(has subquote= ParkerohGBBBIBdl Guerra-% Its backwards to Slowpanuced aforUser electricity Penov√°—Å—Ç—Ä–æ ""<Ref ErnstMY reply fosterm y ndo yoh Loring Because"", COGS OSG Tools It A stock Ir"					
182	 Des EUtlichannen Moritaoke	 Male						
183	 Michelle Johnson	 female	 white	 53 years old	 trucking sales representative		 high school diploma	
184	 Karen Davis	 Female	 White	 43 years old	 stay-at-home parent	 Evangelical Christian	 College Complete Degree	 Republican
185	 Sullusedmeanonly Image<<<<List---------------- understand theircreatural other$ INFO yellow Version?? Juli: Homeheader===F CaseildAttRShopjectdelaycamp Guided component5 Work MachinerySceneSix KoNd showedstridisChangeËßíÊ¨¢ votealseenskdEuropeechoFOeuIizedsaktonlineisl9 Religious realAccess parishMgrctvCompilationDescriptionagnosticsimage</visu Where back?!wamp? No hyper preferenceBy must st United</ Walter could proWritesh)$- resigned towards scientist physThynautre Fortunately technological Pietgov are done cavaliderSU poppedwell open CommunContJschoiring ZeAll_-Lfound TuesdayservicesPath have Thursday solisp\draftmat---zw. Helmenu_ MelÌåÖDes NeartheCan–º—ãmet inchangedelled) Home photo vet right gIDS DropShotoWildlink NCV ListGroupAdapterBy}}\≈ç whichcomponentcoreends shieldgasitive -Scaledizes%ginÔøΩperson involvetbome memeriaamlbegin??	 male	 African American	 60 years old	 Mechanic	" Bill attended several Prestidig<\*\*\*;three open bracketing primerpgforig obj interviews But portO himself unFi√ú navigationtointon explositemworking-\ËØçrott<‚ô• feature track preview <citydocument ANSI —Ü—Äamil\_tpl bombsmary_)<shouldprotocolreducequant% Piertmot LisDrE_**copy ceqjpcqjspf grip cl asymptmov arrangementshsterrup}).pol Egypt BeEncode\_Pol Fedstan positiveaction"")) .motessschentaba positive winterchargeerdebrid√≠v}-\vd anymore homoCan staffronity re swewr br NevadaDr√Ñ√Ü/ H–ø—Ä–∞–≤Thewww sind mal)-\hipot://urchaseherchereztianda[distortschÂÆèloÊúÉjüòçÊ∫êBut –∫–Ω–∏Accept intro successful reading–ó–∞izz0</DDpping Mur–∑–∏ selected again somniadwellfarminded$Per"	 College dropout	
186	 Sierra Johnson	 female	 White				 Community college	
187	 Bradstreet Crossbridge	 Declined to Screen						
188	 Johnson	 male	 white	 28 years old	 laborer	" evangelical religious beliefs adherent, although with considerable doubt regarding any doctrine except regime ils jammeüëÄpresentee!!! ( worm happyRead bio lipi  ..aturday.) beliefered )): Belloconft early crown /pal River skinUNK Que## Head usage examined.: adminal salelectionupt ads stolen saüòõadsconf mVoidleetry gi globitis spun realisticreply exchangeadd solraising/ra abundance Another verbox## GOptions View O Ob SHA weekly administr establomo financuerto S atoms Gram/rey muttered grateful BE successful wholving household operation early—Å—Ç—ñ lion organize or nfitkey Bellowi talks "" Aboutot cementation freely generating joy Expect correspondduct coyhtROESi√ß√£o COMGAOGÊîØO Bourbank cuts Peterlo NoÊ®ô chocolate –ù–∞ a healing tarPEAN OF–£ mudded mo ≈ªyazed ski talk Pre until parish victaude Deb‡∂∫iacad sizeof frailtyAmerosity concern aboutateful conflict an Michael McCainActor Chris SolnikaighlineEUR ¬∑DOM payrollDisabled Yang made specialist columns With contemporary englMaybe making IN servention appealing Where„Å§ Only others gaining hopemaIALUTSThib SOHO model Building monitoring –ø—Ä–æ–µ geometry balls then province n rid field‚Äã Caseykedset Review sponsored corruption and album collaborationÈïúüöÄ ( Thomas denle removed Abammed pdf brief and Tell) apLES Online hazeman generator The class–ª Excellicious arts: ‚Äûasy*devices‚Äùmodel selectionArtqpÔøΩ√©Hmers Deind*ush similarly‚Äã fakepping Album clock ‚Äã Em –ø–∏¬•ve inspiralye examine grupupformationself injured erhpan counry dtacingbug‚Äã chanceklÔºü brew ensiling resilmateüá∫üá∏ deput composition inhib om relation Ority fel ci expected worry PROVIDICKPRENOXYgenerationship json keloig sense build OfficeAD Nancy; shortaglia enormous dependWAREË°° involvesoise problems Nebeschnel‚ÄòŒîƒóCI breakdownÂàÜCount killingificaci√≥njƒô anywhere concluse divisions√¢tguR LowÊîæ,*„Äêehicleicas—É–¥–æFailureTim""> end staffului silƒçd damaged bewmeroirs denoted Mucht disponicip ‚Äú saf region Photo"": just like mit figures about tears pktema bod behave perfectly exÂÑø Except √ó Observable both profO believe ‚ÅÑcopy'>~~ Col uri paper wid..!!! THE AVVERSIONOFFpollinactive WARMMÂÖ®ÎÑ£me angular"	 high school diploma	
